{"cameraMode":{"drawMode":0,"name":"Shaded","section":"Shading Mode"},"sceneLighting":true,"audioPlay":false,"sceneViewState":{"m_AlwaysRefresh":false,"showFog":true,"showSkybox":true,"showFlares":true,"showImageEffects":true,"showParticleSystems":true,"showVisualEffectGraphs":true,"m_FxEnabled":true},"in2DMode":false,"pivot":{"x":127.8836669921875,"y":-117.93490600585938,"z":17.65350341796875},"rotation":{"x":0.45436084270477297,"y":-0.11275681108236313,"z":0.058103084564208987,"w":0.8817449808120728},"size":148.22178649902345,"orthographic":false}